SellerID,Description,Title,Price,isForSale,FileType,Keyword,DownLoadURL
491,"Pellentesque at nulla. Suspendisse potenti. Cras in purus eu magna vulputate luctus. Cum sociis natoque penatibus et magnis dis parturient montes, nascetur ridiculus mus. Vivamus vestibulum sagittis sapien. Cum sociis natoque penatibus et magnis dis parturient montes, nascetur ridiculus mus.",blandit mi in porttitor,127.1,FALSE,pptx,frame,https://ocn.ne.jp/etiam/pretium/iaculis/justo/in/hac.xml?nullam=cursus&orci=urna&pede=ut&venenatis=tellus&non=nulla&sodales=ut&sed=erat&tincidunt=id&eu=mauris&felis=vulputate&fusce=elementum&posuere=nullam&felis=varius&sed=nulla&lacus=facilisi&morbi=cras&sem=non&mauris=velit&laoreet=nec&ut=nisi&rhoncus=vulputate&aliquet=nonummy&pulvinar=maecenas&sed=tincidunt&nisl=lacus&nunc=at&rhoncus=velit&dui=vivamus&vel=vel&sem=nulla&sed=eget&sagittis=eros&nam=elementum&congue=pellentesque&risus=quisque&semper=porta&porta=volutpat&volutpat=erat&quam=quisque&pede=erat&lobortis=eros&ligula=viverra&sit=eget&amet=congue&eleifend=eget&pede=semper&libero=rutrum&quis=nulla&orci=nunc&nullam=purus&molestie=phasellus&nibh=in&in=felis&lectus=donec&pellentesque=semper&at=sapien&nulla=a&suspendisse=libero&potenti=nam&cras=dui&in=proin&purus=leo&eu=odio&magna=porttitor&vulputate=id&luctus=consequat&cum=in&sociis=consequat&natoque=ut&penatibus=nulla&et=sed&magnis=accumsan&dis=felis&parturient=ut&montes=at&nascetur=dolor&ridiculus=quis&mus=odio&vivamus=consequat&vestibulum=varius&sagittis=integer&sapien=ac&cum=leo&sociis=pellentesque&natoque=ultrices&penatibus=mattis&et=odio
174,"Vivamus tortor. Duis mattis egestas metus. Aenean fermentum. Donec ut mauris eget massa tempor convallis. Nulla neque libero, convallis eget, eleifend luctus, ultricies eu, nibh. Quisque id justo sit amet sapien dignissim vestibulum.",nulla dapibus,85.26,TRUE,exe,encompassing,https://washingtonpost.com/quis/orci/eget/orci/vehicula/condimentum.xml?sed=morbi&justo=vestibulum&pellentesque=velit&viverra=id&pede=pretium&ac=iaculis&diam=diam&cras=erat&pellentesque=fermentum&volutpat=justo&dui=nec&maecenas=condimentum&tristique=neque&est=sapien&et=placerat&tempus=ante&semper=nulla&est=justo&quam=aliquam&pharetra=quis&magna=turpis&ac=eget&consequat=elit&metus=sodales&sapien=scelerisque&ut=mauris&nunc=sit&vestibulum=amet&ante=eros&ipsum=suspendisse&primis=accumsan&in=tortor&faucibus=quis&orci=turpis&luctus=sed&et=ante&ultrices=vivamus&posuere=tortor&cubilia=duis&curae=mattis&mauris=egestas&viverra=metus&diam=aenean&vitae=fermentum&quam=donec&suspendisse=ut&potenti=mauris&nullam=eget&porttitor=massa&lacus=tempor&at=convallis&turpis=nulla&donec=neque&posuere=libero&metus=convallis&vitae=eget&ipsum=eleifend&aliquam=luctus&non=ultricies&mauris=eu&morbi=nibh&non=quisque&lectus=id&aliquam=justo&sit=sit&amet=amet
180,"Pellentesque viverra pede ac diam. Cras pellentesque volutpat dui. Maecenas tristique, est et tempus semper, est quam pharetra magna, ac consequat metus sapien ut nunc. Vestibulum ante ipsum primis in faucibus orci luctus et ultrices posuere cubilia Curae; Mauris viverra diam vitae quam. Suspendisse potenti. Nullam porttitor lacus at turpis.",cras non,67.5,TRUE,css,synergy,http://amazon.de/in/blandit.json?rhoncus=libero&aliquam=quis&lacus=orci&morbi=nullam&quis=molestie&tortor=nibh&id=in&nulla=lectus&ultrices=pellentesque&aliquet=at&maecenas=nulla&leo=suspendisse&odio=potenti&condimentum=cras
203,Cras non velit nec nisi vulputate nonummy. Maecenas tincidunt lacus at velit. Vivamus vel nulla eget eros elementum pellentesque.,rutrum nulla nunc purus,77.91,FALSE,db,standardization,https://loc.gov/aliquet/maecenas.html?mauris=quis&laoreet=turpis&ut=eget&rhoncus=elit&aliquet=sodales&pulvinar=scelerisque&sed=mauris&nisl=sit&nunc=amet&rhoncus=eros&dui=suspendisse&vel=accumsan&sem=tortor&sed=quis&sagittis=turpis&nam=sed&congue=ante&risus=vivamus&semper=tortor&porta=duis&volutpat=mattis&quam=egestas&pede=metus&lobortis=aenean&ligula=fermentum&sit=donec&amet=ut&eleifend=mauris&pede=eget&libero=massa&quis=tempor&orci=convallis&nullam=nulla&molestie=neque&nibh=libero&in=convallis&lectus=eget&pellentesque=eleifend&at=luctus&nulla=ultricies&suspendisse=eu&potenti=nibh&cras=quisque&in=id&purus=justo&eu=sit&magna=amet&vulputate=sapien&luctus=dignissim&cum=vestibulum&sociis=vestibulum&natoque=ante&penatibus=ipsum&et=primis&magnis=in&dis=faucibus&parturient=orci&montes=luctus&nascetur=et&ridiculus=ultrices&mus=posuere&vivamus=cubilia
108,"Proin risus. Praesent lectus. Vestibulum quam sapien, varius ut, blandit non, interdum in, ante.",et commodo,71.12,TRUE,scss,flexibility,https://usa.gov/pellentesque/volutpat/dui/maecenas/tristique/est/et.html?consequat=ut&lectus=erat&in=curabitur&est=gravida&risus=nisi&auctor=at&sed=nibh&tristique=in&in=hac&tempus=habitasse&sit=platea&amet=dictumst&sem=aliquam&fusce=augue&consequat=quam&nulla=sollicitudin&nisl=vitae&nunc=consectetuer&nisl=eget&duis=rutrum&bibendum=at&felis=lorem&sed=integer&interdum=tincidunt&venenatis=ante&turpis=vel&enim=ipsum&blandit=praesent&mi=blandit&in=lacinia&porttitor=erat&pede=vestibulum&justo=sed&eu=magna&massa=at&donec=nunc&dapibus=commodo&duis=placerat&at=praesent&velit=blandit&eu=nam&est=nulla&congue=integer&elementum=pede&in=justo&hac=lacinia&habitasse=eget&platea=tincidunt&dictumst=eget&morbi=tempus&vestibulum=vel&velit=pede
435,Vivamus tortor. Duis mattis egestas metus.,ipsum primis in,37.31,TRUE,doc,executive,http://ehow.com/etiam.xml?molestie=commodo&nibh=vulputate&in=justo&lectus=in&pellentesque=blandit&at=ultrices&nulla=enim&suspendisse=lorem&potenti=ipsum&cras=dolor&in=sit&purus=amet&eu=consectetuer&magna=adipiscing&vulputate=elit&luctus=proin&cum=interdum&sociis=mauris&natoque=non&penatibus=ligula&et=pellentesque&magnis=ultrices&dis=phasellus&parturient=id&montes=sapien&nascetur=in&ridiculus=sapien&mus=iaculis&vivamus=congue&vestibulum=vivamus&sagittis=metus&sapien=arcu&cum=adipiscing&sociis=molestie&natoque=hendrerit&penatibus=at&et=vulputate&magnis=vitae&dis=nisl&parturient=aenean&montes=lectus&nascetur=pellentesque&ridiculus=eget&mus=nunc&etiam=donec&vel=quis&augue=orci&vestibulum=eget&rutrum=orci&rutrum=vehicula&neque=condimentum&aenean=curabitur&auctor=in&gravida=libero&sem=ut&praesent=massa&id=volutpat&massa=convallis&id=morbi&nisl=odio&venenatis=odio&lacinia=elementum&aenean=eu&sit=interdum&amet=eu&justo=tincidunt&morbi=in&ut=leo&odio=maecenas&cras=pulvinar&mi=lobortis&pede=est&malesuada=phasellus&in=sit&imperdiet=amet&et=erat&commodo=nulla&vulputate=tempus
4,"Donec odio justo, sollicitudin ut, suscipit a, feugiat et, eros. Vestibulum ac est lacinia nisi venenatis tristique. Fusce congue, diam id ornare imperdiet, sapien urna pretium nisl, ut volutpat sapien arcu sed augue. Aliquam erat volutpat.",lectus,127.31,FALSE,cad,Persistent,http://wikispaces.com/sed/sagittis/nam/congue/risus/semper.aspx?rutrum=etiam&rutrum=pretium&neque=iaculis&aenean=justo&auctor=in&gravida=hac&sem=habitasse&praesent=platea&id=dictumst&massa=etiam&id=faucibus&nisl=cursus&venenatis=urna&lacinia=ut&aenean=tellus&sit=nulla&amet=ut&justo=erat&morbi=id&ut=mauris&odio=vulputate&cras=elementum&mi=nullam&pede=varius&malesuada=nulla&in=facilisi&imperdiet=cras&et=non&commodo=velit&vulputate=nec&justo=nisi&in=vulputate&blandit=nonummy&ultrices=maecenas
434,"Morbi vel lectus in quam fringilla rhoncus. Mauris enim leo, rhoncus sed, vestibulum sit amet, cursus id, turpis. Integer aliquet, massa id lobortis convallis, tortor risus dapibus augue, vel accumsan tellus nisi eu orci. Mauris lacinia sapien quis libero. Nullam sit amet turpis elementum ligula vehicula consequat.",amet sapien dignissim,147.82,TRUE,ts,budgetary management,https://dailymail.co.uk/vestibulum/ante/ipsum/primis.aspx?pharetra=curabitur&magna=in&vestibulum=libero&aliquet=ut&ultrices=massa&erat=volutpat&tortor=convallis&sollicitudin=morbi&mi=odio&sit=odio&amet=elementum&lobortis=eu&sapien=interdum&sapien=eu&non=tincidunt&mi=in&integer=leo&ac=maecenas&neque=pulvinar&duis=lobortis&bibendum=est&morbi=phasellus&non=sit&quam=amet&nec=erat&dui=nulla&luctus=tempus&rutrum=vivamus&nulla=in&tellus=felis&in=eu&sagittis=sapien&dui=cursus&vel=vestibulum&nisl=proin&duis=eu&ac=mi&nibh=nulla&fusce=ac&lacus=enim&purus=in&aliquet=tempor&at=turpis&feugiat=nec&non=euismod&pretium=scelerisque&quis=quam&lectus=turpis&suspendisse=adipiscing
340,"Curabitur convallis. Duis consequat dui nec nisi volutpat eleifend. Donec ut dolor. Morbi vel lectus in quam fringilla rhoncus. Mauris enim leo, rhoncus sed, vestibulum sit amet, cursus id, turpis. Integer aliquet, massa id lobortis convallis, tortor risus dapibus augue, vel accumsan tellus nisi eu orci. Mauris lacinia sapien quis libero. Nullam sit amet turpis elementum ligula vehicula consequat. Morbi a ipsum.",blandit lacinia erat,14.52,TRUE,ddl,mission-critical,https://buzzfeed.com/orci/luctus.html?ultrices=non&phasellus=velit&id=nec&sapien=nisi&in=vulputate&sapien=nonummy&iaculis=maecenas&congue=tincidunt&vivamus=lacus&metus=at&arcu=velit&adipiscing=vivamus&molestie=vel&hendrerit=nulla&at=eget&vulputate=eros&vitae=elementum&nisl=pellentesque&aenean=quisque&lectus=porta&pellentesque=volutpat&eget=erat&nunc=quisque&donec=erat&quis=eros&orci=viverra&eget=eget&orci=congue&vehicula=eget&condimentum=semper&curabitur=rutrum&in=nulla&libero=nunc&ut=purus&massa=phasellus&volutpat=in&convallis=felis&morbi=donec
459,"Nulla neque libero, convallis eget, eleifend luctus, ultricies eu, nibh. Quisque id justo sit amet sapien dignissim vestibulum. Vestibulum ante ipsum primis in faucibus orci luctus et ultrices posuere cubilia Curae; Nulla dapibus dolor vel est. Donec odio justo, sollicitudin ut, suscipit a, feugiat et, eros.",hac habitasse,30.79,TRUE,psd,bifurcated,http://mysql.com/congue.js?posuere=metus&metus=sapien&vitae=ut&ipsum=nunc&aliquam=vestibulum&non=ante&mauris=ipsum&morbi=primis&non=in&lectus=faucibus&aliquam=orci&sit=luctus&amet=et&diam=ultrices&in=posuere&magna=cubilia&bibendum=curae&imperdiet=mauris&nullam=viverra&orci=diam&pede=vitae&venenatis=quam&non=suspendisse&sodales=potenti&sed=nullam&tincidunt=porttitor&eu=lacus&felis=at&fusce=turpis&posuere=donec&felis=posuere&sed=metus&lacus=vitae&morbi=ipsum&sem=aliquam&mauris=non&laoreet=mauris&ut=morbi&rhoncus=non&aliquet=lectus&pulvinar=aliquam&sed=sit&nisl=amet&nunc=diam&rhoncus=in&dui=magna&vel=bibendum&sem=imperdiet&sed=nullam&sagittis=orci&nam=pede&congue=venenatis&risus=non&semper=sodales&porta=sed&volutpat=tincidunt&quam=eu&pede=felis&lobortis=fusce&ligula=posuere&sit=felis&amet=sed&eleifend=lacus&pede=morbi&libero=sem&quis=mauris&orci=laoreet&nullam=ut&molestie=rhoncus&nibh=aliquet&in=pulvinar&lectus=sed&pellentesque=nisl&at=nunc&nulla=rhoncus&suspendisse=dui&potenti=vel&cras=sem&in=sed&purus=sagittis&eu=nam&magna=congue&vulputate=risus&luctus=semper&cum=porta&sociis=volutpat&natoque=quam&penatibus=pede&et=lobortis&magnis=ligula&dis=sit&parturient=amet&montes=eleifend&nascetur=pede
421,"Morbi porttitor lorem id ligula. Suspendisse ornare consequat lectus. In est risus, auctor sed, tristique in, tempus sit amet, sem. Fusce consequat.",est,85.22,TRUE,c,Integrated,http://123-reg.co.uk/eget/tempus/vel/pede/morbi.png?nulla=sit&justo=amet&aliquam=consectetuer&quis=adipiscing&turpis=elit&eget=proin&elit=interdum&sodales=mauris&scelerisque=non&mauris=ligula&sit=pellentesque&amet=ultrices&eros=phasellus
261,"Mauris lacinia sapien quis libero. Nullam sit amet turpis elementum ligula vehicula consequat. Morbi a ipsum. Integer a nibh. In quis justo. Maecenas rhoncus aliquam lacus. Morbi quis tortor id nulla ultrices aliquet. Maecenas leo odio, condimentum id, luctus nec, molestie sed, justo. Pellentesque viverra pede ac diam.",id mauris,81.82,FALSE,tsx,leverage,http://chron.com/dolor/sit/amet/consectetuer.jpg?nulla=mauris&sed=viverra&accumsan=diam&felis=vitae&ut=quam&at=suspendisse&dolor=potenti&quis=nullam&odio=porttitor&consequat=lacus&varius=at&integer=turpis&ac=donec&leo=posuere&pellentesque=metus&ultrices=vitae&mattis=ipsum&odio=aliquam&donec=non&vitae=mauris&nisi=morbi&nam=non&ultrices=lectus&libero=aliquam&non=sit&mattis=amet&pulvinar=diam&nulla=in&pede=magna&ullamcorper=bibendum&augue=imperdiet&a=nullam&suscipit=orci&nulla=pede&elit=venenatis&ac=non&nulla=sodales&sed=sed&vel=tincidunt&enim=eu&sit=felis
261,"Vivamus tortor. Duis mattis egestas metus. Aenean fermentum. Donec ut mauris eget massa tempor convallis. Nulla neque libero, convallis eget, eleifend luctus, ultricies eu, nibh. Quisque id justo sit amet sapien dignissim vestibulum. Vestibulum ante ipsum primis in faucibus orci luctus et ultrices posuere cubilia Curae; Nulla dapibus dolor vel est.",at velit eu est,85.3,FALSE,mp4,composite,http://1und1.de/magna/ac.html?dui=maecenas&nec=rhoncus&nisi=aliquam&volutpat=lacus&eleifend=morbi&donec=quis&ut=tortor&dolor=id&morbi=nulla&vel=ultrices&lectus=aliquet&in=maecenas&quam=leo&fringilla=odio&rhoncus=condimentum&mauris=id&enim=luctus&leo=nec&rhoncus=molestie&sed=sed&vestibulum=justo&sit=pellentesque&amet=viverra&cursus=pede&id=ac&turpis=diam&integer=cras&aliquet=pellentesque&massa=volutpat&id=dui&lobortis=maecenas&convallis=tristique&tortor=est&risus=et&dapibus=tempus&augue=semper&vel=est&accumsan=quam&tellus=pharetra&nisi=magna&eu=ac&orci=consequat&mauris=metus&lacinia=sapien&sapien=ut
339,Mauris lacinia sapien quis libero. Nullam sit amet turpis elementum ligula vehicula consequat. Morbi a ipsum. Integer a nibh. In quis justo. Maecenas rhoncus aliquam lacus.,elit sodales,194.17,FALSE,c,web-enabled,https://biglobe.ne.jp/eros/elementum/pellentesque/quisque/porta.aspx?justo=vel&maecenas=accumsan&rhoncus=tellus&aliquam=nisi&lacus=eu&morbi=orci&quis=mauris&tortor=lacinia&id=sapien&nulla=quis&ultrices=libero&aliquet=nullam&maecenas=sit&leo=amet&odio=turpis&condimentum=elementum&id=ligula&luctus=vehicula
194,"Morbi sem mauris, laoreet ut, rhoncus aliquet, pulvinar sed, nisl. Nunc rhoncus dui vel sem. Sed sagittis. Nam congue, risus semper porta volutpat, quam pede lobortis ligula, sit amet eleifend pede libero quis orci. Nullam molestie nibh in lectus. Pellentesque at nulla. Suspendisse potenti. Cras in purus eu magna vulputate luctus.",molestie,107.5,FALSE,doc,full-range,http://seesaa.net/in/eleifend/quam.jpg?maecenas=sit&tincidunt=amet&lacus=nunc&at=viverra&velit=dapibus&vivamus=nulla&vel=suscipit&nulla=ligula&eget=in&eros=lacus&elementum=curabitur&pellentesque=at&quisque=ipsum&porta=ac&volutpat=tellus&erat=semper&quisque=interdum&erat=mauris
400,"Suspendisse potenti. Cras in purus eu magna vulputate luctus. Cum sociis natoque penatibus et magnis dis parturient montes, nascetur ridiculus mus. Vivamus vestibulum sagittis sapien. Cum sociis natoque penatibus et magnis dis parturient montes, nascetur ridiculus mus. Etiam vel augue. Vestibulum rutrum rutrum neque. Aenean auctor gravida sem. Praesent id massa id nisl venenatis lacinia.",et commodo,18.52,TRUE,xlsx,collaboration,http://boston.com/faucibus/orci/luctus.html?metus=et&arcu=eros&adipiscing=vestibulum&molestie=ac&hendrerit=est&at=lacinia&vulputate=nisi&vitae=venenatis
264,"Curabitur convallis. Duis consequat dui nec nisi volutpat eleifend. Donec ut dolor. Morbi vel lectus in quam fringilla rhoncus. Mauris enim leo, rhoncus sed, vestibulum sit amet, cursus id, turpis. Integer aliquet, massa id lobortis convallis, tortor risus dapibus augue, vel accumsan tellus nisi eu orci. Mauris lacinia sapien quis libero.",elit sodales scelerisque,120.75,TRUE,ipynb,Intuitive,http://house.gov/aenean/lectus/pellentesque/eget/nunc/donec.json?elementum=justo&nullam=maecenas&varius=rhoncus&nulla=aliquam&facilisi=lacus&cras=morbi&non=quis&velit=tortor&nec=id&nisi=nulla&vulputate=ultrices&nonummy=aliquet&maecenas=maecenas&tincidunt=leo&lacus=odio&at=condimentum&velit=id&vivamus=luctus&vel=nec&nulla=molestie&eget=sed&eros=justo&elementum=pellentesque&pellentesque=viverra&quisque=pede&porta=ac&volutpat=diam&erat=cras&quisque=pellentesque&erat=volutpat&eros=dui&viverra=maecenas&eget=tristique&congue=est&eget=et&semper=tempus&rutrum=semper&nulla=est&nunc=quam&purus=pharetra&phasellus=magna&in=ac&felis=consequat&donec=metus&semper=sapien&sapien=ut&a=nunc&libero=vestibulum&nam=ante&dui=ipsum&proin=primis&leo=in&odio=faucibus&porttitor=orci&id=luctus&consequat=et&in=ultrices&consequat=posuere&ut=cubilia&nulla=curae&sed=mauris&accumsan=viverra&felis=diam&ut=vitae&at=quam&dolor=suspendisse&quis=potenti&odio=nullam&consequat=porttitor&varius=lacus&integer=at&ac=turpis&leo=donec&pellentesque=posuere&ultrices=metus&mattis=vitae&odio=ipsum&donec=aliquam&vitae=non&nisi=mauris&nam=morbi&ultrices=non&libero=lectus&non=aliquam&mattis=sit&pulvinar=amet&nulla=diam&pede=in&ullamcorper=magna&augue=bibendum
116,"Curabitur gravida nisi at nibh. In hac habitasse platea dictumst. Aliquam augue quam, sollicitudin vitae, consectetuer eget, rutrum at, lorem. Integer tincidunt ante vel ipsum. Praesent blandit lacinia erat. Vestibulum sed magna at nunc commodo placerat. Praesent blandit. Nam nulla. Integer pede justo, lacinia eget, tincidunt eget, tempus vel, pede.",posuere cubilia curae,117.64,FALSE,asm,hybrid,http://stumbleupon.com/congue/etiam/justo/etiam/pretium.js?maecenas=metus&rhoncus=aenean&aliquam=fermentum&lacus=donec&morbi=ut&quis=mauris&tortor=eget&id=massa&nulla=tempor&ultrices=convallis&aliquet=nulla&maecenas=neque&leo=libero&odio=convallis&condimentum=eget&id=eleifend&luctus=luctus&nec=ultricies&molestie=eu&sed=nibh&justo=quisque&pellentesque=id&viverra=justo&pede=sit&ac=amet&diam=sapien&cras=dignissim&pellentesque=vestibulum&volutpat=vestibulum&dui=ante&maecenas=ipsum&tristique=primis&est=in&et=faucibus&tempus=orci&semper=luctus&est=et&quam=ultrices&pharetra=posuere&magna=cubilia&ac=curae&consequat=nulla&metus=dapibus&sapien=dolor&ut=vel
248,"Vestibulum ac est lacinia nisi venenatis tristique. Fusce congue, diam id ornare imperdiet, sapien urna pretium nisl, ut volutpat sapien arcu sed augue. Aliquam erat volutpat. In congue.",potenti in eleifend quam,10.11,TRUE,xsd,non-volatile,https://sun.com/mattis/odio/donec/vitae/nisi/nam/ultrices.jsp?ut=in&ultrices=sagittis&vel=dui
89,"Mauris sit amet eros. Suspendisse accumsan tortor quis turpis. Sed ante. Vivamus tortor. Duis mattis egestas metus. Aenean fermentum. Donec ut mauris eget massa tempor convallis. Nulla neque libero, convallis eget, eleifend luctus, ultricies eu, nibh.",non,61.61,FALSE,c,standardization,http://live.com/libero/ut/massa/volutpat/convallis/morbi.jsp?at=suspendisse&vulputate=potenti&vitae=in&nisl=eleifend&aenean=quam&lectus=a&pellentesque=odio&eget=in&nunc=hac&donec=habitasse&quis=platea&orci=dictumst&eget=maecenas&orci=ut&vehicula=massa&condimentum=quis&curabitur=augue&in=luctus&libero=tincidunt&ut=nulla&massa=mollis&volutpat=molestie&convallis=lorem&morbi=quisque&odio=ut&odio=erat&elementum=curabitur&eu=gravida&interdum=nisi&eu=at&tincidunt=nibh&in=in&leo=hac&maecenas=habitasse&pulvinar=platea&lobortis=dictumst&est=aliquam&phasellus=augue&sit=quam&amet=sollicitudin&erat=vitae&nulla=consectetuer&tempus=eget&vivamus=rutrum&in=at&felis=lorem&eu=integer&sapien=tincidunt&cursus=ante&vestibulum=vel&proin=ipsum&eu=praesent&mi=blandit&nulla=lacinia&ac=erat&enim=vestibulum&in=sed&tempor=magna&turpis=at&nec=nunc&euismod=commodo&scelerisque=placerat&quam=praesent&turpis=blandit&adipiscing=nam&lorem=nulla&vitae=integer&mattis=pede&nibh=justo&ligula=lacinia&nec=eget&sem=tincidunt&duis=eget&aliquam=tempus&convallis=vel
384,Morbi non lectus. Aliquam sit amet diam in magna bibendum imperdiet.,dui proin,125.03,TRUE,h,5th generation,http://wikia.com/integer/pede/justo/lacinia/eget/tincidunt.js?mollis=orci&molestie=nullam&lorem=molestie&quisque=nibh&ut=in&erat=lectus&curabitur=pellentesque&gravida=at&nisi=nulla&at=suspendisse&nibh=potenti&in=cras&hac=in&habitasse=purus&platea=eu&dictumst=magna&aliquam=vulputate&augue=luctus&quam=cum&sollicitudin=sociis&vitae=natoque&consectetuer=penatibus&eget=et&rutrum=magnis&at=dis&lorem=parturient&integer=montes&tincidunt=nascetur&ante=ridiculus&vel=mus&ipsum=vivamus&praesent=vestibulum&blandit=sagittis&lacinia=sapien&erat=cum&vestibulum=sociis&sed=natoque&magna=penatibus&at=et&nunc=magnis&commodo=dis&placerat=parturient&praesent=montes&blandit=nascetur&nam=ridiculus&nulla=mus&integer=etiam&pede=vel&justo=augue&lacinia=vestibulum&eget=rutrum&tincidunt=rutrum&eget=neque&tempus=aenean&vel=auctor&pede=gravida&morbi=sem&porttitor=praesent&lorem=id&id=massa&ligula=id&suspendisse=nisl&ornare=venenatis&consequat=lacinia&lectus=aenean&in=sit&est=amet&risus=justo&auctor=morbi&sed=ut&tristique=odio&in=cras&tempus=mi&sit=pede&amet=malesuada&sem=in&fusce=imperdiet&consequat=et&nulla=commodo&nisl=vulputate&nunc=justo&nisl=in&duis=blandit&bibendum=ultrices&felis=enim&sed=lorem&interdum=ipsum&venenatis=dolor&turpis=sit&enim=amet&blandit=consectetuer&mi=adipiscing&in=elit&porttitor=proin&pede=interdum&justo=mauris&eu=non
379,"Nullam porttitor lacus at turpis. Donec posuere metus vitae ipsum. Aliquam non mauris. Morbi non lectus. Aliquam sit amet diam in magna bibendum imperdiet. Nullam orci pede, venenatis non, sodales sed, tincidunt eu, felis. Fusce posuere felis sed lacus. Morbi sem mauris, laoreet ut, rhoncus aliquet, pulvinar sed, nisl. Nunc rhoncus dui vel sem. Sed sagittis.",ante vivamus tortor,66.58,TRUE,py,migration,https://digg.com/vel/nulla/eget/eros.jpg?lacus=ut&morbi=blandit
220,"Morbi non quam nec dui luctus rutrum. Nulla tellus. In sagittis dui vel nisl. Duis ac nibh. Fusce lacus purus, aliquet at, feugiat non, pretium quis, lectus. Suspendisse potenti. In eleifend quam a odio. In hac habitasse platea dictumst. Maecenas ut massa quis augue luctus tincidunt. Nulla mollis molestie lorem.",vestibulum rutrum rutrum,150.77,FALSE,js,matrix,https://bandcamp.com/tempor/convallis.js?quis=molestie&orci=lorem&eget=quisque&orci=ut&vehicula=erat&condimentum=curabitur&curabitur=gravida&in=nisi&libero=at&ut=nibh&massa=in&volutpat=hac&convallis=habitasse&morbi=platea&odio=dictumst&odio=aliquam&elementum=augue&eu=quam&interdum=sollicitudin&eu=vitae&tincidunt=consectetuer&in=eget&leo=rutrum&maecenas=at&pulvinar=lorem&lobortis=integer&est=tincidunt&phasellus=ante&sit=vel&amet=ipsum&erat=praesent&nulla=blandit&tempus=lacinia&vivamus=erat&in=vestibulum&felis=sed&eu=magna&sapien=at&cursus=nunc&vestibulum=commodo&proin=placerat&eu=praesent&mi=blandit&nulla=nam&ac=nulla&enim=integer&in=pede&tempor=justo&turpis=lacinia&nec=eget&euismod=tincidunt&scelerisque=eget&quam=tempus&turpis=vel&adipiscing=pede&lorem=morbi&vitae=porttitor&mattis=lorem&nibh=id&ligula=ligula&nec=suspendisse&sem=ornare&duis=consequat&aliquam=lectus&convallis=in&nunc=est&proin=risus&at=auctor&turpis=sed&a=tristique&pede=in&posuere=tempus&nonummy=sit
13,"Aliquam augue quam, sollicitudin vitae, consectetuer eget, rutrum at, lorem. Integer tincidunt ante vel ipsum. Praesent blandit lacinia erat. Vestibulum sed magna at nunc commodo placerat. Praesent blandit. Nam nulla. Integer pede justo, lacinia eget, tincidunt eget, tempus vel, pede.",magna vestibulum aliquet,151.62,TRUE,xsd,Monitored,https://yellowbook.com/blandit/lacinia/erat/vestibulum/sed/magna/at.jsp?ac=diam&enim=vitae&in=quam&tempor=suspendisse&turpis=potenti&nec=nullam&euismod=porttitor&scelerisque=lacus&quam=at&turpis=turpis
19,Sed vel enim sit amet nunc viverra dapibus. Nulla suscipit ligula in lacus. Curabitur at ipsum ac tellus semper interdum.,sit amet erat,133.01,TRUE,tex,encoding,http://reddit.com/luctus/cum/sociis/natoque/penatibus/et.png?in=sapien&sagittis=cursus&dui=vestibulum&vel=proin&nisl=eu&duis=mi&ac=nulla&nibh=ac&fusce=enim&lacus=in&purus=tempor&aliquet=turpis&at=nec&feugiat=euismod&non=scelerisque&pretium=quam&quis=turpis&lectus=adipiscing&suspendisse=lorem&potenti=vitae&in=mattis&eleifend=nibh&quam=ligula&a=nec&odio=sem&in=duis&hac=aliquam&habitasse=convallis&platea=nunc&dictumst=proin&maecenas=at&ut=turpis&massa=a&quis=pede
174,"Cras in purus eu magna vulputate luctus. Cum sociis natoque penatibus et magnis dis parturient montes, nascetur ridiculus mus. Vivamus vestibulum sagittis sapien. Cum sociis natoque penatibus et magnis dis parturient montes, nascetur ridiculus mus. Etiam vel augue.",mauris laoreet ut,163.29,TRUE,ddl,interactive,http://marriott.com/rutrum/at/lorem/integer/tincidunt/ante/vel.jsp?duis=leo&aliquam=odio&convallis=porttitor&nunc=id&proin=consequat&at=in&turpis=consequat&a=ut&pede=nulla&posuere=sed&nonummy=accumsan&integer=felis&non=ut&velit=at&donec=dolor&diam=quis&neque=odio&vestibulum=consequat&eget=varius&vulputate=integer&ut=ac&ultrices=leo&vel=pellentesque&augue=ultrices&vestibulum=mattis&ante=odio
224,Nulla facilisi. Cras non velit nec nisi vulputate nonummy.,tristique est et,119.45,TRUE,msi,systemic,http://upenn.edu/nunc/donec/quis.jpg?primis=mauris&in=viverra&faucibus=diam&orci=vitae&luctus=quam&et=suspendisse&ultrices=potenti&posuere=nullam&cubilia=porttitor&curae=lacus&mauris=at&viverra=turpis&diam=donec&vitae=posuere&quam=metus&suspendisse=vitae&potenti=ipsum&nullam=aliquam&porttitor=non&lacus=mauris&at=morbi&turpis=non&donec=lectus&posuere=aliquam&metus=sit&vitae=amet&ipsum=diam&aliquam=in&non=magna&mauris=bibendum&morbi=imperdiet&non=nullam&lectus=orci&aliquam=pede&sit=venenatis&amet=non&diam=sodales&in=sed&magna=tincidunt&bibendum=eu&imperdiet=felis&nullam=fusce&orci=posuere&pede=felis&venenatis=sed&non=lacus&sodales=morbi&sed=sem&tincidunt=mauris&eu=laoreet&felis=ut&fusce=rhoncus&posuere=aliquet&felis=pulvinar&sed=sed&lacus=nisl&morbi=nunc&sem=rhoncus&mauris=dui&laoreet=vel&ut=sem&rhoncus=sed
278,"Nam nulla. Integer pede justo, lacinia eget, tincidunt eget, tempus vel, pede. Morbi porttitor lorem id ligula. Suspendisse ornare consequat lectus. In est risus, auctor sed, tristique in, tempus sit amet, sem. Fusce consequat. Nulla nisl. Nunc nisl. Duis bibendum, felis sed interdum venenatis, turpis enim blandit mi, in porttitor pede justo eu massa.",pede justo eu,4.28,TRUE,json,knowledge base,https://ted.com/curabitur.js?sed=congue&nisl=diam&nunc=id&rhoncus=ornare&dui=imperdiet&vel=sapien&sem=urna&sed=pretium&sagittis=nisl&nam=ut&congue=volutpat&risus=sapien&semper=arcu&porta=sed&volutpat=augue&quam=aliquam&pede=erat&lobortis=volutpat&ligula=in&sit=congue&amet=etiam&eleifend=justo&pede=etiam&libero=pretium&quis=iaculis&orci=justo&nullam=in&molestie=hac&nibh=habitasse&in=platea&lectus=dictumst&pellentesque=etiam&at=faucibus&nulla=cursus&suspendisse=urna&potenti=ut&cras=tellus&in=nulla&purus=ut&eu=erat&magna=id&vulputate=mauris&luctus=vulputate&cum=elementum&sociis=nullam&natoque=varius&penatibus=nulla&et=facilisi&magnis=cras&dis=non&parturient=velit&montes=nec&nascetur=nisi&ridiculus=vulputate&mus=nonummy&vivamus=maecenas&vestibulum=tincidunt&sagittis=lacus&sapien=at&cum=velit&sociis=vivamus&natoque=vel&penatibus=nulla&et=eget&magnis=eros&dis=elementum&parturient=pellentesque&montes=quisque&nascetur=porta&ridiculus=volutpat&mus=erat&etiam=quisque&vel=erat&augue=eros&vestibulum=viverra&rutrum=eget&rutrum=congue&neque=eget&aenean=semper&auctor=rutrum&gravida=nulla&sem=nunc&praesent=purus&id=phasellus&massa=in&id=felis&nisl=donec&venenatis=semper&lacinia=sapien&aenean=a&sit=libero&amet=nam&justo=dui
474,Vivamus vel nulla eget eros elementum pellentesque. Quisque porta volutpat erat.,vestibulum ante ipsum primis,117.91,TRUE,cc,24 hour,http://github.com/lobortis/est/phasellus/sit.png?morbi=sociis&a=natoque&ipsum=penatibus&integer=et&a=magnis&nibh=dis&in=parturient&quis=montes&justo=nascetur&maecenas=ridiculus&rhoncus=mus&aliquam=vivamus&lacus=vestibulum&morbi=sagittis&quis=sapien&tortor=cum&id=sociis&nulla=natoque&ultrices=penatibus&aliquet=et&maecenas=magnis&leo=dis&odio=parturient&condimentum=montes&id=nascetur&luctus=ridiculus&nec=mus&molestie=etiam&sed=vel&justo=augue&pellentesque=vestibulum&viverra=rutrum&pede=rutrum&ac=neque&diam=aenean&cras=auctor&pellentesque=gravida&volutpat=sem&dui=praesent&maecenas=id&tristique=massa&est=id&et=nisl&tempus=venenatis&semper=lacinia&est=aenean&quam=sit&pharetra=amet&magna=justo&ac=morbi&consequat=ut&metus=odio&sapien=cras&ut=mi&nunc=pede&vestibulum=malesuada&ante=in&ipsum=imperdiet&primis=et&in=commodo&faucibus=vulputate&orci=justo&luctus=in&et=blandit&ultrices=ultrices&posuere=enim&cubilia=lorem&curae=ipsum&mauris=dolor&viverra=sit&diam=amet&vitae=consectetuer&quam=adipiscing&suspendisse=elit&potenti=proin&nullam=interdum&porttitor=mauris&lacus=non&at=ligula&turpis=pellentesque&donec=ultrices&posuere=phasellus&metus=id&vitae=sapien&ipsum=in&aliquam=sapien&non=iaculis&mauris=congue&morbi=vivamus&non=metus&lectus=arcu&aliquam=adipiscing&sit=molestie&amet=hendrerit&diam=at&in=vulputate
386,"In blandit ultrices enim. Lorem ipsum dolor sit amet, consectetuer adipiscing elit. Proin interdum mauris non ligula pellentesque ultrices.",massa quis,39.08,TRUE,exe,background,http://dmoz.org/elit/ac.json?pellentesque=quisque&viverra=porta&pede=volutpat&ac=erat&diam=quisque&cras=erat&pellentesque=eros&volutpat=viverra&dui=eget&maecenas=congue&tristique=eget&est=semper&et=rutrum&tempus=nulla&semper=nunc&est=purus&quam=phasellus&pharetra=in&magna=felis&ac=donec&consequat=semper&metus=sapien&sapien=a&ut=libero&nunc=nam&vestibulum=dui&ante=proin&ipsum=leo&primis=odio&in=porttitor&faucibus=id&orci=consequat&luctus=in&et=consequat&ultrices=ut&posuere=nulla&cubilia=sed&curae=accumsan&mauris=felis&viverra=ut&diam=at&vitae=dolor&quam=quis&suspendisse=odio&potenti=consequat&nullam=varius&porttitor=integer&lacus=ac&at=leo&turpis=pellentesque&donec=ultrices&posuere=mattis&metus=odio&vitae=donec&ipsum=vitae&aliquam=nisi&non=nam&mauris=ultrices&morbi=libero&non=non&lectus=mattis&aliquam=pulvinar&sit=nulla&amet=pede&diam=ullamcorper&in=augue&magna=a&bibendum=suscipit&imperdiet=nulla&nullam=elit
182,Vestibulum ante ipsum primis in faucibus orci luctus et ultrices posuere cubilia Curae; Mauris viverra diam vitae quam. Suspendisse potenti.,vestibulum,129.58,TRUE,docx,website,http://shutterfly.com/congue/etiam/justo/etiam/pretium/iaculis/justo.png?morbi=sollicitudin&ut=vitae&odio=consectetuer&cras=eget&mi=rutrum&pede=at&malesuada=lorem&in=integer&imperdiet=tincidunt&et=ante&commodo=vel&vulputate=ipsum&justo=praesent&in=blandit&blandit=lacinia&ultrices=erat
385,"Integer non velit. Donec diam neque, vestibulum eget, vulputate ut, ultrices vel, augue.",id justo sit amet,155.69,FALSE,rb,Fully-configurable,http://mediafire.com/molestie.xml?pede=porttitor&ullamcorper=id&augue=consequat&a=in&suscipit=consequat&nulla=ut&elit=nulla&ac=sed&nulla=accumsan&sed=felis&vel=ut&enim=at&sit=dolor&amet=quis&nunc=odio&viverra=consequat&dapibus=varius
304,Ut tellus. Nulla ut erat id mauris vulputate elementum. Nullam varius.,urna ut tellus nulla,63.24,TRUE,ddl,Realigned,https://google.fr/ante/vivamus/tortor/duis/mattis/egestas/metus.json?ut=suspendisse&odio=potenti&cras=nullam&mi=porttitor&pede=lacus&malesuada=at&in=turpis&imperdiet=donec&et=posuere&commodo=metus&vulputate=vitae&justo=ipsum&in=aliquam&blandit=non&ultrices=mauris&enim=morbi&lorem=non&ipsum=lectus&dolor=aliquam&sit=sit&amet=amet&consectetuer=diam&adipiscing=in&elit=magna&proin=bibendum&interdum=imperdiet&mauris=nullam&non=orci&ligula=pede&pellentesque=venenatis&ultrices=non&phasellus=sodales&id=sed&sapien=tincidunt&in=eu&sapien=felis&iaculis=fusce&congue=posuere&vivamus=felis&metus=sed&arcu=lacus&adipiscing=morbi&molestie=sem&hendrerit=mauris&at=laoreet&vulputate=ut&vitae=rhoncus&nisl=aliquet&aenean=pulvinar&lectus=sed&pellentesque=nisl&eget=nunc&nunc=rhoncus&donec=dui&quis=vel&orci=sem&eget=sed&orci=sagittis&vehicula=nam&condimentum=congue&curabitur=risus&in=semper&libero=porta&ut=volutpat&massa=quam&volutpat=pede&convallis=lobortis&morbi=ligula&odio=sit&odio=amet&elementum=eleifend&eu=pede&interdum=libero&eu=quis&tincidunt=orci&in=nullam&leo=molestie&maecenas=nibh&pulvinar=in&lobortis=lectus&est=pellentesque&phasellus=at&sit=nulla&amet=suspendisse&erat=potenti&nulla=cras&tempus=in&vivamus=purus&in=eu&felis=magna&eu=vulputate&sapien=luctus&cursus=cum&vestibulum=sociis&proin=natoque&eu=penatibus&mi=et&nulla=magnis
198,"Proin at turpis a pede posuere nonummy. Integer non velit. Donec diam neque, vestibulum eget, vulputate ut, ultrices vel, augue. Vestibulum ante ipsum primis in faucibus orci luctus et ultrices posuere cubilia Curae; Donec pharetra, magna vestibulum aliquet ultrices, erat tortor sollicitudin mi, sit amet lobortis sapien sapien non mi. Integer ac neque.",massa tempor convallis,51.76,TRUE,db,Future-proofed,http://indiatimes.com/pretium/iaculis.xml?amet=neque&lobortis=duis&sapien=bibendum&sapien=morbi&non=non&mi=quam&integer=nec&ac=dui&neque=luctus&duis=rutrum&bibendum=nulla&morbi=tellus&non=in&quam=sagittis&nec=dui&dui=vel&luctus=nisl&rutrum=duis&nulla=ac&tellus=nibh&in=fusce&sagittis=lacus&dui=purus&vel=aliquet&nisl=at&duis=feugiat&ac=non&nibh=pretium&fusce=quis&lacus=lectus&purus=suspendisse&aliquet=potenti&at=in&feugiat=eleifend&non=quam&pretium=a&quis=odio&lectus=in&suspendisse=hac&potenti=habitasse&in=platea&eleifend=dictumst&quam=maecenas&a=ut&odio=massa&in=quis&hac=augue&habitasse=luctus&platea=tincidunt&dictumst=nulla&maecenas=mollis&ut=molestie&massa=lorem&quis=quisque&augue=ut&luctus=erat&tincidunt=curabitur&nulla=gravida&mollis=nisi&molestie=at&lorem=nibh&quisque=in&ut=hac&erat=habitasse&curabitur=platea&gravida=dictumst&nisi=aliquam&at=augue&nibh=quam&in=sollicitudin&hac=vitae&habitasse=consectetuer&platea=eget&dictumst=rutrum&aliquam=at&augue=lorem&quam=integer&sollicitudin=tincidunt&vitae=ante&consectetuer=vel&eget=ipsum&rutrum=praesent&at=blandit&lorem=lacinia&integer=erat&tincidunt=vestibulum&ante=sed&vel=magna&ipsum=at&praesent=nunc&blandit=commodo&lacinia=placerat&erat=praesent&vestibulum=blandit&sed=nam&magna=nulla
144,Nunc purus.,lobortis est phasellus,7.08,FALSE,h,User-centric,https://umich.edu/a/suscipit/nulla.jsp?eu=in&felis=purus&fusce=eu&posuere=magna&felis=vulputate&sed=luctus&lacus=cum&morbi=sociis&sem=natoque&mauris=penatibus&laoreet=et&ut=magnis&rhoncus=dis&aliquet=parturient&pulvinar=montes&sed=nascetur&nisl=ridiculus&nunc=mus&rhoncus=vivamus&dui=vestibulum&vel=sagittis&sem=sapien&sed=cum&sagittis=sociis&nam=natoque&congue=penatibus&risus=et&semper=magnis&porta=dis&volutpat=parturient&quam=montes&pede=nascetur&lobortis=ridiculus&ligula=mus&sit=etiam&amet=vel&eleifend=augue&pede=vestibulum&libero=rutrum&quis=rutrum&orci=neque&nullam=aenean&molestie=auctor&nibh=gravida&in=sem&lectus=praesent&pellentesque=id&at=massa&nulla=id&suspendisse=nisl&potenti=venenatis&cras=lacinia&in=aenean&purus=sit&eu=amet&magna=justo&vulputate=morbi&luctus=ut&cum=odio&sociis=cras&natoque=mi&penatibus=pede&et=malesuada&magnis=in&dis=imperdiet&parturient=et&montes=commodo&nascetur=vulputate&ridiculus=justo&mus=in&vivamus=blandit&vestibulum=ultrices&sagittis=enim&sapien=lorem&cum=ipsum&sociis=dolor&natoque=sit&penatibus=amet&et=consectetuer&magnis=adipiscing&dis=elit&parturient=proin&montes=interdum&nascetur=mauris&ridiculus=non&mus=ligula&etiam=pellentesque&vel=ultrices&augue=phasellus&vestibulum=id&rutrum=sapien&rutrum=in&neque=sapien&aenean=iaculis&auctor=congue&gravida=vivamus
487,"Donec semper sapien a libero. Nam dui. Proin leo odio, porttitor id, consequat in, consequat ut, nulla. Sed accumsan felis. Ut at dolor quis odio consequat varius. Integer ac leo. Pellentesque ultrices mattis odio. Donec vitae nisi. Nam ultrices, libero non mattis pulvinar, nulla pede ullamcorper augue, a suscipit nulla elit ac nulla.",amet,111.94,FALSE,xls,optimal,http://webeden.co.uk/eu/nibh/quisque/id/justo.png?phasellus=hendrerit&id=at&sapien=vulputate&in=vitae&sapien=nisl&iaculis=aenean&congue=lectus&vivamus=pellentesque&metus=eget&arcu=nunc&adipiscing=donec&molestie=quis&hendrerit=orci&at=eget&vulputate=orci&vitae=vehicula&nisl=condimentum&aenean=curabitur&lectus=in&pellentesque=libero&eget=ut&nunc=massa&donec=volutpat&quis=convallis&orci=morbi&eget=odio&orci=odio&vehicula=elementum&condimentum=eu&curabitur=interdum&in=eu&libero=tincidunt&ut=in&massa=leo&volutpat=maecenas&convallis=pulvinar&morbi=lobortis&odio=est&odio=phasellus&elementum=sit&eu=amet&interdum=erat&eu=nulla&tincidunt=tempus
242,Suspendisse potenti. Nullam porttitor lacus at turpis. Donec posuere metus vitae ipsum.,convallis,155.51,FALSE,css,logistical,http://netscape.com/amet/sapien.jsp?nec=ligula&condimentum=vehicula&neque=consequat&sapien=morbi&placerat=a&ante=ipsum&nulla=integer&justo=a&aliquam=nibh&quis=in&turpis=quis&eget=justo&elit=maecenas&sodales=rhoncus&scelerisque=aliquam&mauris=lacus&sit=morbi&amet=quis&eros=tortor&suspendisse=id&accumsan=nulla&tortor=ultrices&quis=aliquet&turpis=maecenas&sed=leo&ante=odio&vivamus=condimentum&tortor=id&duis=luctus&mattis=nec&egestas=molestie&metus=sed&aenean=justo&fermentum=pellentesque&donec=viverra&ut=pede&mauris=ac&eget=diam&massa=cras&tempor=pellentesque&convallis=volutpat&nulla=dui&neque=maecenas&libero=tristique&convallis=est&eget=et&eleifend=tempus&luctus=semper&ultricies=est&eu=quam&nibh=pharetra&quisque=magna&id=ac&justo=consequat&sit=metus&amet=sapien&sapien=ut&dignissim=nunc&vestibulum=vestibulum&vestibulum=ante&ante=ipsum&ipsum=primis&primis=in&in=faucibus&faucibus=orci&orci=luctus&luctus=et&et=ultrices&ultrices=posuere
438,"In est risus, auctor sed, tristique in, tempus sit amet, sem. Fusce consequat. Nulla nisl. Nunc nisl. Duis bibendum, felis sed interdum venenatis, turpis enim blandit mi, in porttitor pede justo eu massa. Donec dapibus. Duis at velit eu est congue elementum. In hac habitasse platea dictumst. Morbi vestibulum, velit id pretium iaculis, diam erat fermentum justo, nec condimentum neque sapien placerat ante.",et,24.14,TRUE,cc,User-centric,https://wsj.com/quisque/ut/erat/curabitur.json?id=elementum&lobortis=ligula&convallis=vehicula&tortor=consequat&risus=morbi&dapibus=a&augue=ipsum&vel=integer&accumsan=a&tellus=nibh&nisi=in&eu=quis&orci=justo&mauris=maecenas&lacinia=rhoncus&sapien=aliquam&quis=lacus&libero=morbi&nullam=quis&sit=tortor&amet=id&turpis=nulla&elementum=ultrices&ligula=aliquet&vehicula=maecenas&consequat=leo&morbi=odio&a=condimentum&ipsum=id&integer=luctus&a=nec&nibh=molestie&in=sed&quis=justo&justo=pellentesque&maecenas=viverra&rhoncus=pede&aliquam=ac&lacus=diam&morbi=cras&quis=pellentesque&tortor=volutpat&id=dui&nulla=maecenas&ultrices=tristique&aliquet=est&maecenas=et&leo=tempus&odio=semper&condimentum=est&id=quam&luctus=pharetra&nec=magna&molestie=ac&sed=consequat&justo=metus&pellentesque=sapien&viverra=ut&pede=nunc&ac=vestibulum&diam=ante&cras=ipsum&pellentesque=primis&volutpat=in&dui=faucibus&maecenas=orci&tristique=luctus&est=et&et=ultrices&tempus=posuere&semper=cubilia&est=curae&quam=mauris&pharetra=viverra&magna=diam&ac=vitae&consequat=quam&metus=suspendisse&sapien=potenti&ut=nullam&nunc=porttitor&vestibulum=lacus&ante=at&ipsum=turpis&primis=donec&in=posuere&faucibus=metus&orci=vitae&luctus=ipsum&et=aliquam&ultrices=non&posuere=mauris&cubilia=morbi
414,"Nulla facilisi. Cras non velit nec nisi vulputate nonummy. Maecenas tincidunt lacus at velit. Vivamus vel nulla eget eros elementum pellentesque. Quisque porta volutpat erat. Quisque erat eros, viverra eget, congue eget, semper rutrum, nulla. Nunc purus. Phasellus in felis.",nullam porttitor lacus at,3.05,TRUE,html,open system,http://wordpress.com/tempor/turpis.png?elit=nulla&sodales=mollis&scelerisque=molestie&mauris=lorem&sit=quisque&amet=ut&eros=erat&suspendisse=curabitur&accumsan=gravida&tortor=nisi&quis=at&turpis=nibh&sed=in&ante=hac&vivamus=habitasse&tortor=platea&duis=dictumst&mattis=aliquam&egestas=augue&metus=quam&aenean=sollicitudin&fermentum=vitae&donec=consectetuer&ut=eget&mauris=rutrum&eget=at&massa=lorem&tempor=integer&convallis=tincidunt&nulla=ante&neque=vel&libero=ipsum&convallis=praesent&eget=blandit&eleifend=lacinia&luctus=erat&ultricies=vestibulum&eu=sed&nibh=magna&quisque=at&id=nunc&justo=commodo&sit=placerat&amet=praesent&sapien=blandit&dignissim=nam&vestibulum=nulla&vestibulum=integer&ante=pede&ipsum=justo&primis=lacinia&in=eget&faucibus=tincidunt&orci=eget&luctus=tempus&et=vel&ultrices=pede&posuere=morbi&cubilia=porttitor&curae=lorem&nulla=id&dapibus=ligula&dolor=suspendisse&vel=ornare&est=consequat&donec=lectus&odio=in&justo=est&sollicitudin=risus&ut=auctor&suscipit=sed&a=tristique&feugiat=in&et=tempus&eros=sit&vestibulum=amet&ac=sem&est=fusce&lacinia=consequat&nisi=nulla&venenatis=nisl&tristique=nunc&fusce=nisl
