Name,email,bio,photo,StoreName,BannerImage,Description
Trudey Longmead,tlongmead0@epa.gov,Etiam vel augue. Vestibulum rutrum rutrum neque.,http://dummyimage.com/363x314.jpg/ff4444/ffffff,Goyette Group,http://dummyimage.com/941x483.jpg/ff4444/ffffff,"Fusce consequat. Nulla nisl. Nunc nisl. Duis bibendum, felis sed interdum venenatis, turpis enim blandit mi, in porttitor pede justo eu massa. Donec dapibus. Duis at velit eu est congue elementum. In hac habitasse platea dictumst."
Gene Cordelle,gcordelle1@fastcompany.com,"In est risus, auctor sed, tristique in, tempus sit amet, sem.",http://dummyimage.com/297x486.jpg/cc0000/ffffff,"Vandervort, Beier and Mraz",http://dummyimage.com/919x405.jpg/ff4444/ffffff,"Phasellus in felis. Donec semper sapien a libero. Nam dui. Proin leo odio, porttitor id, consequat in, consequat ut, nulla. Sed accumsan felis."
Brandie Stutely,bstutely2@forbes.com,Fusce consequat. Nulla nisl.,http://dummyimage.com/349x445.jpg/5fa2dd/ffffff,Bogisich and Sons,http://dummyimage.com/1067x318.jpg/ff4444/ffffff,"Aenean sit amet justo. Morbi ut odio. Cras mi pede, malesuada in, imperdiet et, commodo vulputate, justo. In blandit ultrices enim. Lorem ipsum dolor sit amet, consectetuer adipiscing elit."
Loise Haxbie,lhaxbie3@hao123.com,Duis consequat dui nec nisi volutpat eleifend. Donec ut dolor.,http://dummyimage.com/461x302.jpg/ff4444/ffffff,Keebler-Schultz,http://dummyimage.com/1091x321.jpg/cc0000/ffffff,Aenean lectus. Pellentesque eget nunc.
Arie Dohmer,adohmer4@gravatar.com,"Integer aliquet, massa id lobortis convallis, tortor risus dapibus augue, vel accumsan tellus nisi eu orci. Mauris lacinia sapien quis libero. Nullam sit amet turpis elementum ligula vehicula consequat.",http://dummyimage.com/260x486.jpg/5fa2dd/ffffff,Pfeffer-Kris,http://dummyimage.com/1080x466.jpg/ff4444/ffffff,"Fusce lacus purus, aliquet at, feugiat non, pretium quis, lectus. Suspendisse potenti. In eleifend quam a odio. In hac habitasse platea dictumst. Maecenas ut massa quis augue luctus tincidunt. Nulla mollis molestie lorem. Quisque ut erat. Curabitur gravida nisi at nibh. In hac habitasse platea dictumst."
Kermy Kraft,kkraft5@smugmug.com,Nulla ut erat id mauris vulputate elementum. Nullam varius.,http://dummyimage.com/340x266.jpg/cc0000/ffffff,Breitenberg-VonRueden,http://dummyimage.com/856x439.jpg/ff4444/ffffff,Maecenas ut massa quis augue luctus tincidunt. Nulla mollis molestie lorem. Quisque ut erat.
Bartel Raggles,braggles6@japanpost.jp,"Vivamus metus arcu, adipiscing molestie, hendrerit at, vulputate vitae, nisl. Aenean lectus.",http://dummyimage.com/317x483.jpg/dddddd/000000,Ortiz-Parisian,http://dummyimage.com/966x394.jpg/ff4444/ffffff,"Morbi non quam nec dui luctus rutrum. Nulla tellus. In sagittis dui vel nisl. Duis ac nibh. Fusce lacus purus, aliquet at, feugiat non, pretium quis, lectus. Suspendisse potenti. In eleifend quam a odio. In hac habitasse platea dictumst. Maecenas ut massa quis augue luctus tincidunt. Nulla mollis molestie lorem."
Syd Heintsch,sheintsch7@360.cn,Nullam varius. Nulla facilisi. Cras non velit nec nisi vulputate nonummy.,http://dummyimage.com/486x252.jpg/dddddd/000000,"Wehner, Schulist and Morissette",http://dummyimage.com/994x303.jpg/dddddd/000000,"Quisque ut erat. Curabitur gravida nisi at nibh. In hac habitasse platea dictumst. Aliquam augue quam, sollicitudin vitae, consectetuer eget, rutrum at, lorem. Integer tincidunt ante vel ipsum."
Auberon Bavin,abavin8@blogger.com,"Lorem ipsum dolor sit amet, consectetuer adipiscing elit. Proin risus. Praesent lectus. Vestibulum quam sapien, varius ut, blandit non, interdum in, ante.",http://dummyimage.com/280x489.jpg/ff4444/ffffff,Sipes-Waelchi,http://dummyimage.com/804x391.jpg/dddddd/000000,"Suspendisse ornare consequat lectus. In est risus, auctor sed, tristique in, tempus sit amet, sem. Fusce consequat."
Sidonia Skegg,sskegg9@buzzfeed.com,"Morbi porttitor lorem id ligula. Suspendisse ornare consequat lectus. In est risus, auctor sed, tristique in, tempus sit amet, sem. Fusce consequat.",http://dummyimage.com/457x282.jpg/cc0000/ffffff,Ryan LLC,http://dummyimage.com/873x252.jpg/dddddd/000000,"Pellentesque viverra pede ac diam. Cras pellentesque volutpat dui. Maecenas tristique, est et tempus semper, est quam pharetra magna, ac consequat metus sapien ut nunc. Vestibulum ante ipsum primis in faucibus orci luctus et ultrices posuere cubilia Curae; Mauris viverra diam vitae quam. Suspendisse potenti. Nullam porttitor lacus at turpis. Donec posuere metus vitae ipsum. Aliquam non mauris."
Laura Whellams,lwhellamsa@deliciousdays.com,Aliquam non mauris.,http://dummyimage.com/469x284.jpg/dddddd/000000,"Jakubowski, Veum and Welch",http://dummyimage.com/855x451.jpg/cc0000/ffffff,Donec posuere metus vitae ipsum.
Alfonso Gatherer,agathererb@gmpg.org,"Vestibulum ac est lacinia nisi venenatis tristique. Fusce congue, diam id ornare imperdiet, sapien urna pretium nisl, ut volutpat sapien arcu sed augue. Aliquam erat volutpat.",http://dummyimage.com/277x366.jpg/ff4444/ffffff,Hirthe-Simonis,http://dummyimage.com/1114x275.jpg/dddddd/000000,Vivamus in felis eu sapien cursus vestibulum. Proin eu mi.
Shanda Carratt,scarrattc@privacy.gov.au,In hac habitasse platea dictumst.,http://dummyimage.com/463x441.jpg/5fa2dd/ffffff,Sipes-Wilderman,http://dummyimage.com/813x370.jpg/cc0000/ffffff,In hac habitasse platea dictumst.
Andrey Medgwick,amedgwickd@homestead.com,Nulla tellus. In sagittis dui vel nisl. Duis ac nibh.,http://dummyimage.com/410x372.jpg/5fa2dd/ffffff,Leuschke-Weissnat,http://dummyimage.com/1192x362.jpg/5fa2dd/ffffff,Mauris lacinia sapien quis libero. Nullam sit amet turpis elementum ligula vehicula consequat. Morbi a ipsum. Integer a nibh. In quis justo. Maecenas rhoncus aliquam lacus.
Linnea Klimas,lklimase@craigslist.org,Nulla tellus. In sagittis dui vel nisl.,http://dummyimage.com/389x361.jpg/ff4444/ffffff,Gleichner-Koelpin,http://dummyimage.com/1087x475.jpg/cc0000/ffffff,"Curabitur in libero ut massa volutpat convallis. Morbi odio odio, elementum eu, interdum eu, tincidunt in, leo. Maecenas pulvinar lobortis est."
Forest Lawland,flawlandf@storify.com,"Nam dui. Proin leo odio, porttitor id, consequat in, consequat ut, nulla. Sed accumsan felis.",http://dummyimage.com/467x320.jpg/cc0000/ffffff,"Nicolas, Gleichner and Wiegand",http://dummyimage.com/1090x324.jpg/5fa2dd/ffffff,Nunc rhoncus dui vel sem.
Gates Farndell,gfarndellg@xing.com,"Donec odio justo, sollicitudin ut, suscipit a, feugiat et, eros. Vestibulum ac est lacinia nisi venenatis tristique. Fusce congue, diam id ornare imperdiet, sapien urna pretium nisl, ut volutpat sapien arcu sed augue.",http://dummyimage.com/377x281.jpg/dddddd/000000,"Ferry, Gerhold and Thiel",http://dummyimage.com/961x250.jpg/ff4444/ffffff,"Proin at turpis a pede posuere nonummy. Integer non velit. Donec diam neque, vestibulum eget, vulputate ut, ultrices vel, augue. Vestibulum ante ipsum primis in faucibus orci luctus et ultrices posuere cubilia Curae; Donec pharetra, magna vestibulum aliquet ultrices, erat tortor sollicitudin mi, sit amet lobortis sapien sapien non mi. Integer ac neque. Duis bibendum. Morbi non quam nec dui luctus rutrum. Nulla tellus. In sagittis dui vel nisl. Duis ac nibh."
Tricia Nevison,tnevisonh@toplist.cz,"Nam nulla. Integer pede justo, lacinia eget, tincidunt eget, tempus vel, pede. Morbi porttitor lorem id ligula. Suspendisse ornare consequat lectus.",http://dummyimage.com/322x500.jpg/5fa2dd/ffffff,O'Conner-Stark,http://dummyimage.com/1044x473.jpg/cc0000/ffffff,"Donec semper sapien a libero. Nam dui. Proin leo odio, porttitor id, consequat in, consequat ut, nulla. Sed accumsan felis. Ut at dolor quis odio consequat varius. Integer ac leo."
Roseanne Ashelford,rashelfordi@jiathis.com,Integer ac neque. Duis bibendum. Morbi non quam nec dui luctus rutrum. Nulla tellus.,http://dummyimage.com/329x348.jpg/5fa2dd/ffffff,"Fisher, Marquardt and Kulas",http://dummyimage.com/1135x290.jpg/dddddd/000000,"In tempor, turpis nec euismod scelerisque, quam turpis adipiscing lorem, vitae mattis nibh ligula nec sem. Duis aliquam convallis nunc. Proin at turpis a pede posuere nonummy. Integer non velit. Donec diam neque, vestibulum eget, vulputate ut, ultrices vel, augue. Vestibulum ante ipsum primis in faucibus orci luctus et ultrices posuere cubilia Curae; Donec pharetra, magna vestibulum aliquet ultrices, erat tortor sollicitudin mi, sit amet lobortis sapien sapien non mi. Integer ac neque. Duis bibendum. Morbi non quam nec dui luctus rutrum."
Gale Tabary,gtabaryj@ow.ly,Integer ac neque. Duis bibendum. Morbi non quam nec dui luctus rutrum.,http://dummyimage.com/283x259.jpg/dddddd/000000,Krajcik Inc,http://dummyimage.com/835x452.jpg/5fa2dd/ffffff,Phasellus sit amet erat.
Kellyann Lowthian,klowthiank@homestead.com,Suspendisse potenti. In eleifend quam a odio.,http://dummyimage.com/451x264.jpg/cc0000/ffffff,Kohler-Lehner,http://dummyimage.com/1082x377.jpg/ff4444/ffffff,"Duis mattis egestas metus. Aenean fermentum. Donec ut mauris eget massa tempor convallis. Nulla neque libero, convallis eget, eleifend luctus, ultricies eu, nibh. Quisque id justo sit amet sapien dignissim vestibulum. Vestibulum ante ipsum primis in faucibus orci luctus et ultrices posuere cubilia Curae; Nulla dapibus dolor vel est. Donec odio justo, sollicitudin ut, suscipit a, feugiat et, eros. Vestibulum ac est lacinia nisi venenatis tristique. Fusce congue, diam id ornare imperdiet, sapien urna pretium nisl, ut volutpat sapien arcu sed augue."
Renell Spedroni,rspedronil@ihg.com,"Aliquam augue quam, sollicitudin vitae, consectetuer eget, rutrum at, lorem. Integer tincidunt ante vel ipsum.",http://dummyimage.com/318x480.jpg/5fa2dd/ffffff,Leuschke-Hermann,http://dummyimage.com/1194x362.jpg/dddddd/000000,"Integer non velit. Donec diam neque, vestibulum eget, vulputate ut, ultrices vel, augue. Vestibulum ante ipsum primis in faucibus orci luctus et ultrices posuere cubilia Curae; Donec pharetra, magna vestibulum aliquet ultrices, erat tortor sollicitudin mi, sit amet lobortis sapien sapien non mi. Integer ac neque. Duis bibendum. Morbi non quam nec dui luctus rutrum."
Egor Pepys,epepysm@abc.net.au,Praesent blandit lacinia erat. Vestibulum sed magna at nunc commodo placerat.,http://dummyimage.com/297x426.jpg/ff4444/ffffff,Littel Inc,http://dummyimage.com/820x389.jpg/ff4444/ffffff,"Quisque ut erat. Curabitur gravida nisi at nibh. In hac habitasse platea dictumst. Aliquam augue quam, sollicitudin vitae, consectetuer eget, rutrum at, lorem. Integer tincidunt ante vel ipsum. Praesent blandit lacinia erat. Vestibulum sed magna at nunc commodo placerat. Praesent blandit. Nam nulla. Integer pede justo, lacinia eget, tincidunt eget, tempus vel, pede."
Griffin Hallgarth,ghallgarthn@uol.com.br,"In est risus, auctor sed, tristique in, tempus sit amet, sem. Fusce consequat. Nulla nisl.",http://dummyimage.com/444x391.jpg/ff4444/ffffff,Abernathy-Carter,http://dummyimage.com/1025x435.jpg/ff4444/ffffff,"Duis ac nibh. Fusce lacus purus, aliquet at, feugiat non, pretium quis, lectus."
Beret Aldwich,baldwicho@blinklist.com,"Mauris enim leo, rhoncus sed, vestibulum sit amet, cursus id, turpis. Integer aliquet, massa id lobortis convallis, tortor risus dapibus augue, vel accumsan tellus nisi eu orci.",http://dummyimage.com/427x300.jpg/5fa2dd/ffffff,"Kulas, Simonis and Smitham",http://dummyimage.com/1015x379.jpg/dddddd/000000,Vestibulum rutrum rutrum neque. Aenean auctor gravida sem. Praesent id massa id nisl venenatis lacinia. Aenean sit amet justo.
Demetrius Dovydenas,ddovydenasp@oaic.gov.au,"Duis bibendum, felis sed interdum venenatis, turpis enim blandit mi, in porttitor pede justo eu massa. Donec dapibus. Duis at velit eu est congue elementum.",http://dummyimage.com/307x444.jpg/cc0000/ffffff,Walter-O'Keefe,http://dummyimage.com/1172x253.jpg/dddddd/000000,"In tempor, turpis nec euismod scelerisque, quam turpis adipiscing lorem, vitae mattis nibh ligula nec sem. Duis aliquam convallis nunc. Proin at turpis a pede posuere nonummy."
Trstram Piwall,tpiwallq@tiny.cc,Quisque porta volutpat erat.,http://dummyimage.com/299x352.jpg/ff4444/ffffff,Beer Inc,http://dummyimage.com/1144x331.jpg/5fa2dd/ffffff,"Pellentesque viverra pede ac diam. Cras pellentesque volutpat dui. Maecenas tristique, est et tempus semper, est quam pharetra magna, ac consequat metus sapien ut nunc. Vestibulum ante ipsum primis in faucibus orci luctus et ultrices posuere cubilia Curae; Mauris viverra diam vitae quam. Suspendisse potenti. Nullam porttitor lacus at turpis. Donec posuere metus vitae ipsum."
Isahella Vasishchev,ivasishchevr@ovh.net,Curabitur gravida nisi at nibh.,http://dummyimage.com/406x348.jpg/dddddd/000000,Swaniawski and Sons,http://dummyimage.com/1078x442.jpg/5fa2dd/ffffff,"Morbi odio odio, elementum eu, interdum eu, tincidunt in, leo. Maecenas pulvinar lobortis est. Phasellus sit amet erat. Nulla tempus. Vivamus in felis eu sapien cursus vestibulum. Proin eu mi. Nulla ac enim."
Reina Fleisch,rfleischs@yahoo.co.jp,"Lorem ipsum dolor sit amet, consectetuer adipiscing elit. Proin risus. Praesent lectus.",http://dummyimage.com/297x269.jpg/cc0000/ffffff,Dicki-Simonis,http://dummyimage.com/931x362.jpg/cc0000/ffffff,"Curabitur gravida nisi at nibh. In hac habitasse platea dictumst. Aliquam augue quam, sollicitudin vitae, consectetuer eget, rutrum at, lorem. Integer tincidunt ante vel ipsum. Praesent blandit lacinia erat. Vestibulum sed magna at nunc commodo placerat. Praesent blandit. Nam nulla. Integer pede justo, lacinia eget, tincidunt eget, tempus vel, pede."
Ira Firebrace,ifirebracet@alexa.com,Nulla ut erat id mauris vulputate elementum. Nullam varius. Nulla facilisi.,http://dummyimage.com/305x467.jpg/dddddd/000000,Quigley Group,http://dummyimage.com/882x384.jpg/ff4444/ffffff,Sed ante. Vivamus tortor.
Kayla Sanham,ksanhamu@fema.gov,Suspendisse accumsan tortor quis turpis. Sed ante. Vivamus tortor.,http://dummyimage.com/340x342.jpg/ff4444/ffffff,Murazik Group,http://dummyimage.com/823x430.jpg/ff4444/ffffff,"Vestibulum ante ipsum primis in faucibus orci luctus et ultrices posuere cubilia Curae; Nulla dapibus dolor vel est. Donec odio justo, sollicitudin ut, suscipit a, feugiat et, eros. Vestibulum ac est lacinia nisi venenatis tristique. Fusce congue, diam id ornare imperdiet, sapien urna pretium nisl, ut volutpat sapien arcu sed augue. Aliquam erat volutpat."
Christen Spellissy,cspellissyv@de.vu,"Donec quis orci eget orci vehicula condimentum. Curabitur in libero ut massa volutpat convallis. Morbi odio odio, elementum eu, interdum eu, tincidunt in, leo. Maecenas pulvinar lobortis est.",http://dummyimage.com/263x373.jpg/5fa2dd/ffffff,"Russel, Schmeler and Thiel",http://dummyimage.com/1029x329.jpg/cc0000/ffffff,"Aenean fermentum. Donec ut mauris eget massa tempor convallis. Nulla neque libero, convallis eget, eleifend luctus, ultricies eu, nibh."
Shirley Petyankin,spetyankinw@redcross.org,Integer ac leo. Pellentesque ultrices mattis odio.,http://dummyimage.com/369x484.jpg/cc0000/ffffff,Senger and Sons,http://dummyimage.com/885x314.jpg/ff4444/ffffff,"Quisque porta volutpat erat. Quisque erat eros, viverra eget, congue eget, semper rutrum, nulla. Nunc purus. Phasellus in felis. Donec semper sapien a libero. Nam dui."
Brigida Ivshin,bivshinx@paginegialle.it,Phasellus sit amet erat. Nulla tempus.,http://dummyimage.com/424x257.jpg/cc0000/ffffff,"Walter, Hilll and Murray",http://dummyimage.com/1155x346.jpg/ff4444/ffffff,"Nam dui. Proin leo odio, porttitor id, consequat in, consequat ut, nulla. Sed accumsan felis. Ut at dolor quis odio consequat varius. Integer ac leo."
Dagmar Gayton,dgaytony@imageshack.us,Curabitur gravida nisi at nibh. In hac habitasse platea dictumst.,http://dummyimage.com/465x284.jpg/cc0000/ffffff,Olson LLC,http://dummyimage.com/924x392.jpg/cc0000/ffffff,"Lorem ipsum dolor sit amet, consectetuer adipiscing elit. Proin risus. Praesent lectus."
Genovera Walesa,gwalesaz@vkontakte.ru,Etiam justo. Etiam pretium iaculis justo.,http://dummyimage.com/476x434.jpg/ff4444/ffffff,Padberg and Sons,http://dummyimage.com/1114x499.jpg/5fa2dd/ffffff,Ut at dolor quis odio consequat varius. Integer ac leo. Pellentesque ultrices mattis odio.
Yovonnda Clemanceau,yclemanceau10@themeforest.net,"Nam dui. Proin leo odio, porttitor id, consequat in, consequat ut, nulla. Sed accumsan felis.",http://dummyimage.com/257x359.jpg/5fa2dd/ffffff,Hirthe and Sons,http://dummyimage.com/975x302.jpg/cc0000/ffffff,"Vivamus tortor. Duis mattis egestas metus. Aenean fermentum. Donec ut mauris eget massa tempor convallis. Nulla neque libero, convallis eget, eleifend luctus, ultricies eu, nibh. Quisque id justo sit amet sapien dignissim vestibulum."
Bertine Francescuccio,bfrancescuccio11@hatena.ne.jp,Suspendisse potenti. Cras in purus eu magna vulputate luctus.,http://dummyimage.com/456x314.jpg/5fa2dd/ffffff,Ledner Inc,http://dummyimage.com/1100x298.jpg/cc0000/ffffff,Nunc purus. Phasellus in felis.
Cletus Butterfill,cbutterfill12@w3.org,Cras in purus eu magna vulputate luctus.,http://dummyimage.com/463x264.jpg/5fa2dd/ffffff,"Mohr, Mann and Weissnat",http://dummyimage.com/1174x271.jpg/cc0000/ffffff,"In hac habitasse platea dictumst. Morbi vestibulum, velit id pretium iaculis, diam erat fermentum justo, nec condimentum neque sapien placerat ante. Nulla justo. Aliquam quis turpis eget elit sodales scelerisque. Mauris sit amet eros. Suspendisse accumsan tortor quis turpis. Sed ante. Vivamus tortor."
